{"cameraMode":{"drawMode":0,"name":"Shaded","section":"Shading Mode"},"sceneLighting":false,"audioPlay":false,"sceneViewState":{"showFog":true,"showMaterialUpdate":true,"showSkybox":false,"showFlares":true,"showImageEffects":true,"showParticleSystems":true},"in2DMode":false,"pivot":{"x":-60.18336868286133,"y":-126.19229125976563,"z":136.48110961914063},"rotation":{"x":0.02101863920688629,"y":-0.1642208993434906,"z":0.0034998306073248388,"w":0.9861990213394165},"size":23.33686065673828,"orthographic":false}